"file","path","group"
"Blank_2-B__4_01_25085.mzML","\\wsl.localhost/Ubuntu-22.04/home/yuliia/metabolomics_project/data/raw/neg_mode/Blank_2-B__4_01_25085.mzML","blank"
"neg__Ex3_L_132_Null_32_1-C__4_01_25158.mzML","\\wsl.localhost/Ubuntu-22.04/home/yuliia/metabolomics_project/data/raw/neg_mode/neg__Ex3_L_132_Null_32_1-C__4_01_25158.mzML","sample"
"neg__Ex3_L_132_Null_33_1-A__1_01_25132.mzML","\\wsl.localhost/Ubuntu-22.04/home/yuliia/metabolomics_project/data/raw/neg_mode/neg__Ex3_L_132_Null_33_1-A__1_01_25132.mzML","sample"
"neg__Ex3_L_132_Null_35_2-E__4_01_25115.mzML","\\wsl.localhost/Ubuntu-22.04/home/yuliia/metabolomics_project/data/raw/neg_mode/neg__Ex3_L_132_Null_35_2-E__4_01_25115.mzML","sample"
"neg__Ex3_L_132_Wounding_26_1-B__6_01_25151.mzML","\\wsl.localhost/Ubuntu-22.04/home/yuliia/metabolomics_project/data/raw/neg_mode/neg__Ex3_L_132_Wounding_26_1-B__6_01_25151.mzML","sample"
"neg__Ex3_L_132_Wounding_27_2-F__8_01_25129.mzML","\\wsl.localhost/Ubuntu-22.04/home/yuliia/metabolomics_project/data/raw/neg_mode/neg__Ex3_L_132_Wounding_27_2-F__8_01_25129.mzML","sample"
"neg__Ex3_L_132_Wounding_28_2-E__5_01_25116.mzML","\\wsl.localhost/Ubuntu-22.04/home/yuliia/metabolomics_project/data/raw/neg_mode/neg__Ex3_L_132_Wounding_28_2-E__5_01_25116.mzML","sample"
"neg__Ex3_L_132_Wounding_29_2-D__1_01_25102.mzML","\\wsl.localhost/Ubuntu-22.04/home/yuliia/metabolomics_project/data/raw/neg_mode/neg__Ex3_L_132_Wounding_29_2-D__1_01_25102.mzML","sample"
"neg__Ex3_L_142_Null_43_1-C__5_01_25159.mzML","\\wsl.localhost/Ubuntu-22.04/home/yuliia/metabolomics_project/data/raw/neg_mode/neg__Ex3_L_142_Null_43_1-C__5_01_25159.mzML","sample"
"neg__Ex3_L_142_Null_44_2-E__3_01_25114.mzML","\\wsl.localhost/Ubuntu-22.04/home/yuliia/metabolomics_project/data/raw/neg_mode/neg__Ex3_L_142_Null_44_2-E__3_01_25114.mzML","sample"
"neg__Ex3_L_142_Null_45_1-A__2_01_25133.mzML","\\wsl.localhost/Ubuntu-22.04/home/yuliia/metabolomics_project/data/raw/neg_mode/neg__Ex3_L_142_Null_45_1-A__2_01_25133.mzML","sample"
"neg__Ex3_L_142_Null_46_2-F__3_01_25124.mzML","\\wsl.localhost/Ubuntu-22.04/home/yuliia/metabolomics_project/data/raw/neg_mode/neg__Ex3_L_142_Null_46_2-F__3_01_25124.mzML","sample"
"neg__Ex3_L_142_Wounding_37_2-F__4_01_25125.mzML","\\wsl.localhost/Ubuntu-22.04/home/yuliia/metabolomics_project/data/raw/neg_mode/neg__Ex3_L_142_Wounding_37_2-F__4_01_25125.mzML","sample"
"neg__Ex3_L_142_Wounding_39_1-B__7_01_25152.mzML","\\wsl.localhost/Ubuntu-22.04/home/yuliia/metabolomics_project/data/raw/neg_mode/neg__Ex3_L_142_Wounding_39_1-B__7_01_25152.mzML","sample"
"neg__Ex3_L_142_Wounding_40_2-D__2_01_25103.mzML","\\wsl.localhost/Ubuntu-22.04/home/yuliia/metabolomics_project/data/raw/neg_mode/neg__Ex3_L_142_Wounding_40_2-D__2_01_25103.mzML","sample"
"neg__Ex3_L_142_Wounding_41_1-A__7_01_25142.mzML","\\wsl.localhost/Ubuntu-22.04/home/yuliia/metabolomics_project/data/raw/neg_mode/neg__Ex3_L_142_Wounding_41_1-A__7_01_25142.mzML","sample"
"neg__Ex3_L_143_Null_55_1-B__8_01_25153.mzML","\\wsl.localhost/Ubuntu-22.04/home/yuliia/metabolomics_project/data/raw/neg_mode/neg__Ex3_L_143_Null_55_1-B__8_01_25153.mzML","sample"
"neg__Ex3_L_143_Null_56_2-E__2_01_25113.mzML","\\wsl.localhost/Ubuntu-22.04/home/yuliia/metabolomics_project/data/raw/neg_mode/neg__Ex3_L_143_Null_56_2-E__2_01_25113.mzML","sample"
"neg__Ex3_L_143_Null_58_1-B__1_01_25146.mzML","\\wsl.localhost/Ubuntu-22.04/home/yuliia/metabolomics_project/data/raw/neg_mode/neg__Ex3_L_143_Null_58_1-B__1_01_25146.mzML","sample"
"neg__Ex3_L_143_Null_59_2-D__5_01_25106.mzML","\\wsl.localhost/Ubuntu-22.04/home/yuliia/metabolomics_project/data/raw/neg_mode/neg__Ex3_L_143_Null_59_2-D__5_01_25106.mzML","sample"
"neg__Ex3_L_143_Wounding_50_2-D__3_01_25104.mzML","\\wsl.localhost/Ubuntu-22.04/home/yuliia/metabolomics_project/data/raw/neg_mode/neg__Ex3_L_143_Wounding_50_2-D__3_01_25104.mzML","sample"
"neg__Ex3_L_143_Wounding_51_1-A__8_01_25143.mzML","\\wsl.localhost/Ubuntu-22.04/home/yuliia/metabolomics_project/data/raw/neg_mode/neg__Ex3_L_143_Wounding_51_1-A__8_01_25143.mzML","sample"
"neg__Ex3_L_143_Wounding_52_1-C__6_01_25160.mzML","\\wsl.localhost/Ubuntu-22.04/home/yuliia/metabolomics_project/data/raw/neg_mode/neg__Ex3_L_143_Wounding_52_1-C__6_01_25160.mzML","sample"
"neg__Ex3_L_143_Wounding_53_2-D__4_01_25105.mzML","\\wsl.localhost/Ubuntu-22.04/home/yuliia/metabolomics_project/data/raw/neg_mode/neg__Ex3_L_143_Wounding_53_2-D__4_01_25105.mzML","sample"
"neg__Ex3_L_149_Null_67_1-B__2_01_25147.mzML","\\wsl.localhost/Ubuntu-22.04/home/yuliia/metabolomics_project/data/raw/neg_mode/neg__Ex3_L_149_Null_67_1-B__2_01_25147.mzML","sample"
"neg__Ex3_L_149_Null_68_2-D__6_01_25107.mzML","\\wsl.localhost/Ubuntu-22.04/home/yuliia/metabolomics_project/data/raw/neg_mode/neg__Ex3_L_149_Null_68_2-D__6_01_25107.mzML","sample"
"neg__Ex3_L_149_Null_69_1-C__7_01_25161.mzML","\\wsl.localhost/Ubuntu-22.04/home/yuliia/metabolomics_project/data/raw/neg_mode/neg__Ex3_L_149_Null_69_1-C__7_01_25161.mzML","sample"
"neg__Ex3_L_149_Null_71_2-E__1_01_25112.mzML","\\wsl.localhost/Ubuntu-22.04/home/yuliia/metabolomics_project/data/raw/neg_mode/neg__Ex3_L_149_Null_71_2-E__1_01_25112.mzML","sample"
"neg__Ex3_L_149_Wounding_61_1-C__1_01_25156.mzML","\\wsl.localhost/Ubuntu-22.04/home/yuliia/metabolomics_project/data/raw/neg_mode/neg__Ex3_L_149_Wounding_61_1-C__1_01_25156.mzML","sample"
"neg__Ex3_L_149_Wounding_64_2-F__1_01_25122.mzML","\\wsl.localhost/Ubuntu-22.04/home/yuliia/metabolomics_project/data/raw/neg_mode/neg__Ex3_L_149_Wounding_64_2-F__1_01_25122.mzML","sample"
"neg__Ex3_L_149_Wounding_65_1-A__3_01_25134.mzML","\\wsl.localhost/Ubuntu-22.04/home/yuliia/metabolomics_project/data/raw/neg_mode/neg__Ex3_L_149_Wounding_65_1-A__3_01_25134.mzML","sample"
"neg__Ex3_L_155_Null_79_1-D__1_01_25165.mzML","\\wsl.localhost/Ubuntu-22.04/home/yuliia/metabolomics_project/data/raw/neg_mode/neg__Ex3_L_155_Null_79_1-D__1_01_25165.mzML","sample"
"neg__Ex3_L_155_Null_80_1-B__5_01_25150.mzML","\\wsl.localhost/Ubuntu-22.04/home/yuliia/metabolomics_project/data/raw/neg_mode/neg__Ex3_L_155_Null_80_1-B__5_01_25150.mzML","sample"
"neg__Ex3_L_155_Null_82_2-D__8_01_25109.mzML","\\wsl.localhost/Ubuntu-22.04/home/yuliia/metabolomics_project/data/raw/neg_mode/neg__Ex3_L_155_Null_82_2-D__8_01_25109.mzML","sample"
"neg__Ex3_L_155_Null_83_1-B__4_01_25149.mzML","\\wsl.localhost/Ubuntu-22.04/home/yuliia/metabolomics_project/data/raw/neg_mode/neg__Ex3_L_155_Null_83_1-B__4_01_25149.mzML","sample"
"neg__Ex3_L_155_Wounding_73_1-D__5_01_25169.mzML","\\wsl.localhost/Ubuntu-22.04/home/yuliia/metabolomics_project/data/raw/neg_mode/neg__Ex3_L_155_Wounding_73_1-D__5_01_25169.mzML","sample"
"neg__Ex3_L_155_Wounding_74_2-F__2_01_25123.mzML","\\wsl.localhost/Ubuntu-22.04/home/yuliia/metabolomics_project/data/raw/neg_mode/neg__Ex3_L_155_Wounding_74_2-F__2_01_25123.mzML","sample"
"neg__Ex3_L_155_Wounding_75_2-D__7_01_25108.mzML","\\wsl.localhost/Ubuntu-22.04/home/yuliia/metabolomics_project/data/raw/neg_mode/neg__Ex3_L_155_Wounding_75_2-D__7_01_25108.mzML","sample"
"neg__Ex3_L_155_Wounding_76_1-B__3_01_25148.mzML","\\wsl.localhost/Ubuntu-22.04/home/yuliia/metabolomics_project/data/raw/neg_mode/neg__Ex3_L_155_Wounding_76_1-B__3_01_25148.mzML","sample"
"neg__Ex3_L_155_Wounding_77_1-C__8_01_25162.mzML","\\wsl.localhost/Ubuntu-22.04/home/yuliia/metabolomics_project/data/raw/neg_mode/neg__Ex3_L_155_Wounding_77_1-C__8_01_25162.mzML","sample"
"neg__Ex3_L_EV_Null_20_2-C__7_01_25098.mzML","\\wsl.localhost/Ubuntu-22.04/home/yuliia/metabolomics_project/data/raw/neg_mode/neg__Ex3_L_EV_Null_20_2-C__7_01_25098.mzML","sample"
"neg__Ex3_L_EV_Null_21_2-E__6_01_25117.mzML","\\wsl.localhost/Ubuntu-22.04/home/yuliia/metabolomics_project/data/raw/neg_mode/neg__Ex3_L_EV_Null_21_2-E__6_01_25117.mzML","sample"
"neg__Ex3_L_EV_Null_22_2-F__5_01_25126.mzML","\\wsl.localhost/Ubuntu-22.04/home/yuliia/metabolomics_project/data/raw/neg_mode/neg__Ex3_L_EV_Null_22_2-F__5_01_25126.mzML","sample"
"neg__Ex3_L_EV_Null_23_2-C__8_01_25099.mzML","\\wsl.localhost/Ubuntu-22.04/home/yuliia/metabolomics_project/data/raw/neg_mode/neg__Ex3_L_EV_Null_23_2-C__8_01_25099.mzML","sample"
"neg__Ex3_L_EV_Wounding_13_2-F__6_01_25127.mzML","\\wsl.localhost/Ubuntu-22.04/home/yuliia/metabolomics_project/data/raw/neg_mode/neg__Ex3_L_EV_Wounding_13_2-F__6_01_25127.mzML","sample"
"neg__Ex3_L_EV_Wounding_14_1-D__4_01_25168.mzML","\\wsl.localhost/Ubuntu-22.04/home/yuliia/metabolomics_project/data/raw/neg_mode/neg__Ex3_L_EV_Wounding_14_1-D__4_01_25168.mzML","sample"
"neg__Ex3_L_EV_Wounding_15_2-C__6_01_25097.mzML","\\wsl.localhost/Ubuntu-22.04/home/yuliia/metabolomics_project/data/raw/neg_mode/neg__Ex3_L_EV_Wounding_15_2-C__6_01_25097.mzML","sample"
"neg__Ex3_L_EV_Wounding_16_2-E__7_01_25118.mzML","\\wsl.localhost/Ubuntu-22.04/home/yuliia/metabolomics_project/data/raw/neg_mode/neg__Ex3_L_EV_Wounding_16_2-E__7_01_25118.mzML","sample"
"neg__Ex3_L_EV_Wounding_17_1-A__5_01_25141.mzML","\\wsl.localhost/Ubuntu-22.04/home/yuliia/metabolomics_project/data/raw/neg_mode/neg__Ex3_L_EV_Wounding_17_1-A__5_01_25141.mzML","sample"
"neg__Ex3_L_UE_Null_11_1-D__3_01_25167.mzML","\\wsl.localhost/Ubuntu-22.04/home/yuliia/metabolomics_project/data/raw/neg_mode/neg__Ex3_L_UE_Null_11_1-D__3_01_25167.mzML","sample"
"neg__Ex3_L_UE_Null_8_1-A__4_01_25135.mzML","\\wsl.localhost/Ubuntu-22.04/home/yuliia/metabolomics_project/data/raw/neg_mode/neg__Ex3_L_UE_Null_8_1-A__4_01_25135.mzML","sample"
"neg__Ex3_L_UE_Null_8_1-A__4_01_25140.mzML","\\wsl.localhost/Ubuntu-22.04/home/yuliia/metabolomics_project/data/raw/neg_mode/neg__Ex3_L_UE_Null_8_1-A__4_01_25140.mzML","sample"
"neg__Ex3_L_UE_Null_9_2-E__8_01_25119.mzML","\\wsl.localhost/Ubuntu-22.04/home/yuliia/metabolomics_project/data/raw/neg_mode/neg__Ex3_L_UE_Null_9_2-E__8_01_25119.mzML","sample"
"neg__Ex3_L_UE_Wounding_1_2-F__7_01_25128.mzML","\\wsl.localhost/Ubuntu-22.04/home/yuliia/metabolomics_project/data/raw/neg_mode/neg__Ex3_L_UE_Wounding_1_2-F__7_01_25128.mzML","sample"
"neg__Ex3_L_UE_Wounding_3_1-C__2_01_25157.mzML","\\wsl.localhost/Ubuntu-22.04/home/yuliia/metabolomics_project/data/raw/neg_mode/neg__Ex3_L_UE_Wounding_3_1-C__2_01_25157.mzML","sample"
"neg__Ex3_L_UE_Wounding_4_2-C__5_01_25096.mzML","\\wsl.localhost/Ubuntu-22.04/home/yuliia/metabolomics_project/data/raw/neg_mode/neg__Ex3_L_UE_Wounding_4_2-C__5_01_25096.mzML","sample"
"neg__Ex3_L_UE_Wounding_5_1-D__2_01_25166.mzML","\\wsl.localhost/Ubuntu-22.04/home/yuliia/metabolomics_project/data/raw/neg_mode/neg__Ex3_L_UE_Wounding_5_1-D__2_01_25166.mzML","sample"
"neg_ACN_1-F__7_01_24991.mzML","\\wsl.localhost/Ubuntu-22.04/home/yuliia/metabolomics_project/data/raw/neg_mode/neg_ACN_1-F__7_01_24991.mzML","sample"
"neg_ACN_1-F__7_01_24993.mzML","\\wsl.localhost/Ubuntu-22.04/home/yuliia/metabolomics_project/data/raw/neg_mode/neg_ACN_1-F__7_01_24993.mzML","sample"
"neg_ACN_1-F__7_01_24994.mzML","\\wsl.localhost/Ubuntu-22.04/home/yuliia/metabolomics_project/data/raw/neg_mode/neg_ACN_1-F__7_01_24994.mzML","sample"
"neg_ACN_1-F__7_01_24995.mzML","\\wsl.localhost/Ubuntu-22.04/home/yuliia/metabolomics_project/data/raw/neg_mode/neg_ACN_1-F__7_01_24995.mzML","sample"
"neg_ACN_1-F__7_01_24996.mzML","\\wsl.localhost/Ubuntu-22.04/home/yuliia/metabolomics_project/data/raw/neg_mode/neg_ACN_1-F__7_01_24996.mzML","sample"
"neg_ACN_1-F__7_01_24997.mzML","\\wsl.localhost/Ubuntu-22.04/home/yuliia/metabolomics_project/data/raw/neg_mode/neg_ACN_1-F__7_01_24997.mzML","sample"
"neg_ACN_1-F__7_01_24998.mzML","\\wsl.localhost/Ubuntu-22.04/home/yuliia/metabolomics_project/data/raw/neg_mode/neg_ACN_1-F__7_01_24998.mzML","sample"
"neg_ACN_1-F__7_01_24999.mzML","\\wsl.localhost/Ubuntu-22.04/home/yuliia/metabolomics_project/data/raw/neg_mode/neg_ACN_1-F__7_01_24999.mzML","sample"
"neg_ACN_1-F__7_01_25000.mzML","\\wsl.localhost/Ubuntu-22.04/home/yuliia/metabolomics_project/data/raw/neg_mode/neg_ACN_1-F__7_01_25000.mzML","sample"
"neg_ACN_1-F__7_01_25001.mzML","\\wsl.localhost/Ubuntu-22.04/home/yuliia/metabolomics_project/data/raw/neg_mode/neg_ACN_1-F__7_01_25001.mzML","sample"
"neg_ACN_1-F__7_01_25002.mzML","\\wsl.localhost/Ubuntu-22.04/home/yuliia/metabolomics_project/data/raw/neg_mode/neg_ACN_1-F__7_01_25002.mzML","sample"
"neg_ACN_1-F__7_01_25004.mzML","\\wsl.localhost/Ubuntu-22.04/home/yuliia/metabolomics_project/data/raw/neg_mode/neg_ACN_1-F__7_01_25004.mzML","sample"
"neg_ACN_1-F__7_01_25005.mzML","\\wsl.localhost/Ubuntu-22.04/home/yuliia/metabolomics_project/data/raw/neg_mode/neg_ACN_1-F__7_01_25005.mzML","sample"
"neg_ACN_1-F__7_01_25006.mzML","\\wsl.localhost/Ubuntu-22.04/home/yuliia/metabolomics_project/data/raw/neg_mode/neg_ACN_1-F__7_01_25006.mzML","sample"
"neg_ACN_1-F__7_01_25007.mzML","\\wsl.localhost/Ubuntu-22.04/home/yuliia/metabolomics_project/data/raw/neg_mode/neg_ACN_1-F__7_01_25007.mzML","sample"
"neg_ACN_1-F__7_01_25016.mzML","\\wsl.localhost/Ubuntu-22.04/home/yuliia/metabolomics_project/data/raw/neg_mode/neg_ACN_1-F__7_01_25016.mzML","sample"
"neg_ACN_1-F__7_01_25026.mzML","\\wsl.localhost/Ubuntu-22.04/home/yuliia/metabolomics_project/data/raw/neg_mode/neg_ACN_1-F__7_01_25026.mzML","sample"
"neg_ACN_1-F__7_01_25036.mzML","\\wsl.localhost/Ubuntu-22.04/home/yuliia/metabolomics_project/data/raw/neg_mode/neg_ACN_1-F__7_01_25036.mzML","sample"
"neg_ACN_1-F__7_01_25080.mzML","\\wsl.localhost/Ubuntu-22.04/home/yuliia/metabolomics_project/data/raw/neg_mode/neg_ACN_1-F__7_01_25080.mzML","sample"
"neg_ACN_1-F__7_01_25090.mzML","\\wsl.localhost/Ubuntu-22.04/home/yuliia/metabolomics_project/data/raw/neg_mode/neg_ACN_1-F__7_01_25090.mzML","sample"
"neg_ACN_1-F__7_01_25100.mzML","\\wsl.localhost/Ubuntu-22.04/home/yuliia/metabolomics_project/data/raw/neg_mode/neg_ACN_1-F__7_01_25100.mzML","sample"
"neg_ACN_1-F__7_01_25110.mzML","\\wsl.localhost/Ubuntu-22.04/home/yuliia/metabolomics_project/data/raw/neg_mode/neg_ACN_1-F__7_01_25110.mzML","sample"
"neg_ACN_1-F__7_01_25120.mzML","\\wsl.localhost/Ubuntu-22.04/home/yuliia/metabolomics_project/data/raw/neg_mode/neg_ACN_1-F__7_01_25120.mzML","sample"
"neg_ACN_1-F__7_01_25130.mzML","\\wsl.localhost/Ubuntu-22.04/home/yuliia/metabolomics_project/data/raw/neg_mode/neg_ACN_1-F__7_01_25130.mzML","sample"
"neg_ACN_1-F__7_01_25136.mzML","\\wsl.localhost/Ubuntu-22.04/home/yuliia/metabolomics_project/data/raw/neg_mode/neg_ACN_1-F__7_01_25136.mzML","sample"
"neg_ACN_1-F__7_01_25137.mzML","\\wsl.localhost/Ubuntu-22.04/home/yuliia/metabolomics_project/data/raw/neg_mode/neg_ACN_1-F__7_01_25137.mzML","sample"
"neg_ACN_1-F__7_01_25138.mzML","\\wsl.localhost/Ubuntu-22.04/home/yuliia/metabolomics_project/data/raw/neg_mode/neg_ACN_1-F__7_01_25138.mzML","sample"
"neg_ACN_1-F__7_01_25144.mzML","\\wsl.localhost/Ubuntu-22.04/home/yuliia/metabolomics_project/data/raw/neg_mode/neg_ACN_1-F__7_01_25144.mzML","sample"
"neg_ACN_1-F__7_01_25154.mzML","\\wsl.localhost/Ubuntu-22.04/home/yuliia/metabolomics_project/data/raw/neg_mode/neg_ACN_1-F__7_01_25154.mzML","sample"
"neg_ACN_1-F__7_01_25163.mzML","\\wsl.localhost/Ubuntu-22.04/home/yuliia/metabolomics_project/data/raw/neg_mode/neg_ACN_1-F__7_01_25163.mzML","sample"
"neg_ACN_1-F__7_01_25174.mzML","\\wsl.localhost/Ubuntu-22.04/home/yuliia/metabolomics_project/data/raw/neg_mode/neg_ACN_1-F__7_01_25174.mzML","sample"
"neg_ACN_1-F__7_01_25356.mzML","\\wsl.localhost/Ubuntu-22.04/home/yuliia/metabolomics_project/data/raw/neg_mode/neg_ACN_1-F__7_01_25356.mzML","sample"
"neg_ACN_1-F__7_01_25357.mzML","\\wsl.localhost/Ubuntu-22.04/home/yuliia/metabolomics_project/data/raw/neg_mode/neg_ACN_1-F__7_01_25357.mzML","sample"
"neg_ACN_1-F__7_01_25359.mzML","\\wsl.localhost/Ubuntu-22.04/home/yuliia/metabolomics_project/data/raw/neg_mode/neg_ACN_1-F__7_01_25359.mzML","sample"
"neg_ACN_1-F__7_01_25360.mzML","\\wsl.localhost/Ubuntu-22.04/home/yuliia/metabolomics_project/data/raw/neg_mode/neg_ACN_1-F__7_01_25360.mzML","sample"
"neg_ACN_1-F__7_01_25361.mzML","\\wsl.localhost/Ubuntu-22.04/home/yuliia/metabolomics_project/data/raw/neg_mode/neg_ACN_1-F__7_01_25361.mzML","sample"
"neg_ACN_1-F__7_01_25362.mzML","\\wsl.localhost/Ubuntu-22.04/home/yuliia/metabolomics_project/data/raw/neg_mode/neg_ACN_1-F__7_01_25362.mzML","sample"
"neg_ACN_1-F__7_01_25363.mzML","\\wsl.localhost/Ubuntu-22.04/home/yuliia/metabolomics_project/data/raw/neg_mode/neg_ACN_1-F__7_01_25363.mzML","sample"
"neg_ACN_1-F__7_01_25364.mzML","\\wsl.localhost/Ubuntu-22.04/home/yuliia/metabolomics_project/data/raw/neg_mode/neg_ACN_1-F__7_01_25364.mzML","sample"
"neg_ACN_1-F__7_01_25365.mzML","\\wsl.localhost/Ubuntu-22.04/home/yuliia/metabolomics_project/data/raw/neg_mode/neg_ACN_1-F__7_01_25365.mzML","sample"
"neg_ACN_1-F__7_01_25366.mzML","\\wsl.localhost/Ubuntu-22.04/home/yuliia/metabolomics_project/data/raw/neg_mode/neg_ACN_1-F__7_01_25366.mzML","sample"
"neg_ACN_1-F__7_01_25367.mzML","\\wsl.localhost/Ubuntu-22.04/home/yuliia/metabolomics_project/data/raw/neg_mode/neg_ACN_1-F__7_01_25367.mzML","sample"
"neg_ACN_1-F__7_01_25368.mzML","\\wsl.localhost/Ubuntu-22.04/home/yuliia/metabolomics_project/data/raw/neg_mode/neg_ACN_1-F__7_01_25368.mzML","sample"
"neg_ACN_1-F__7_01_25369.mzML","\\wsl.localhost/Ubuntu-22.04/home/yuliia/metabolomics_project/data/raw/neg_mode/neg_ACN_1-F__7_01_25369.mzML","sample"
"neg_ACN_1-F__7_01_25370.mzML","\\wsl.localhost/Ubuntu-22.04/home/yuliia/metabolomics_project/data/raw/neg_mode/neg_ACN_1-F__7_01_25370.mzML","sample"
"neg_ACN_1-F__7_01_25371.mzML","\\wsl.localhost/Ubuntu-22.04/home/yuliia/metabolomics_project/data/raw/neg_mode/neg_ACN_1-F__7_01_25371.mzML","sample"
"neg_ACN_1-F__7_01_25372.mzML","\\wsl.localhost/Ubuntu-22.04/home/yuliia/metabolomics_project/data/raw/neg_mode/neg_ACN_1-F__7_01_25372.mzML","sample"
"neg_ACN_1-F__7_01_25373.mzML","\\wsl.localhost/Ubuntu-22.04/home/yuliia/metabolomics_project/data/raw/neg_mode/neg_ACN_1-F__7_01_25373.mzML","sample"
"neg_ACN_1-F__7_01_25375.mzML","\\wsl.localhost/Ubuntu-22.04/home/yuliia/metabolomics_project/data/raw/neg_mode/neg_ACN_1-F__7_01_25375.mzML","sample"
"neg_ACN_1-F__7_01_25376.mzML","\\wsl.localhost/Ubuntu-22.04/home/yuliia/metabolomics_project/data/raw/neg_mode/neg_ACN_1-F__7_01_25376.mzML","sample"
"neg_ACN_1-F__7_01_25377.mzML","\\wsl.localhost/Ubuntu-22.04/home/yuliia/metabolomics_project/data/raw/neg_mode/neg_ACN_1-F__7_01_25377.mzML","sample"
"neg_ACN_1-F__7_01_25379.mzML","\\wsl.localhost/Ubuntu-22.04/home/yuliia/metabolomics_project/data/raw/neg_mode/neg_ACN_1-F__7_01_25379.mzML","sample"
"neg_ACN_1-F__7_01_25388.mzML","\\wsl.localhost/Ubuntu-22.04/home/yuliia/metabolomics_project/data/raw/neg_mode/neg_ACN_1-F__7_01_25388.mzML","sample"
"neg_ACN_1-F__7_01_25398.mzML","\\wsl.localhost/Ubuntu-22.04/home/yuliia/metabolomics_project/data/raw/neg_mode/neg_ACN_1-F__7_01_25398.mzML","sample"
"neg_ACN_1-F__7_01_25408.mzML","\\wsl.localhost/Ubuntu-22.04/home/yuliia/metabolomics_project/data/raw/neg_mode/neg_ACN_1-F__7_01_25408.mzML","sample"
"neg_ACN_1-F__7_01_25418.mzML","\\wsl.localhost/Ubuntu-22.04/home/yuliia/metabolomics_project/data/raw/neg_mode/neg_ACN_1-F__7_01_25418.mzML","sample"
"neg_ACN_1-F__7_01_25428.mzML","\\wsl.localhost/Ubuntu-22.04/home/yuliia/metabolomics_project/data/raw/neg_mode/neg_ACN_1-F__7_01_25428.mzML","sample"
"neg_ACN_1-F__7_01_25436.mzML","\\wsl.localhost/Ubuntu-22.04/home/yuliia/metabolomics_project/data/raw/neg_mode/neg_ACN_1-F__7_01_25436.mzML","sample"
"neg_Ex1_L_132_Null_31_2-C__6_01_25405.mzML","\\wsl.localhost/Ubuntu-22.04/home/yuliia/metabolomics_project/data/raw/neg_mode/neg_Ex1_L_132_Null_31_2-C__6_01_25405.mzML","sample"
"neg_Ex1_L_132_Null_32_2-A__8_01_25387.mzML","\\wsl.localhost/Ubuntu-22.04/home/yuliia/metabolomics_project/data/raw/neg_mode/neg_Ex1_L_132_Null_32_2-A__8_01_25387.mzML","sample"
"neg_Ex1_L_132_Null_33_2-C__4_01_25403.mzML","\\wsl.localhost/Ubuntu-22.04/home/yuliia/metabolomics_project/data/raw/neg_mode/neg_Ex1_L_132_Null_33_2-C__4_01_25403.mzML","sample"
"neg_Ex1_L_132_Wounding_25_2-E__3_01_25422.mzML","\\wsl.localhost/Ubuntu-22.04/home/yuliia/metabolomics_project/data/raw/neg_mode/neg_Ex1_L_132_Wounding_25_2-E__3_01_25422.mzML","sample"
"neg_Ex1_L_132_Wounding_26_2-E__5_01_25424.mzML","\\wsl.localhost/Ubuntu-22.04/home/yuliia/metabolomics_project/data/raw/neg_mode/neg_Ex1_L_132_Wounding_26_2-E__5_01_25424.mzML","sample"
"neg_Ex1_L_132_Wounding_27_2-A__1_01_25380.mzML","\\wsl.localhost/Ubuntu-22.04/home/yuliia/metabolomics_project/data/raw/neg_mode/neg_Ex1_L_132_Wounding_27_2-A__1_01_25380.mzML","sample"
"neg_Ex1_L_142_Null_43_2-E__2_01_25421.mzML","\\wsl.localhost/Ubuntu-22.04/home/yuliia/metabolomics_project/data/raw/neg_mode/neg_Ex1_L_142_Null_43_2-E__2_01_25421.mzML","sample"
"neg_Ex1_L_142_Null_44_2-B__8_01_25397.mzML","\\wsl.localhost/Ubuntu-22.04/home/yuliia/metabolomics_project/data/raw/neg_mode/neg_Ex1_L_142_Null_44_2-B__8_01_25397.mzML","sample"
"neg_Ex1_L_142_Null_45_2-E__8_01_25427.mzML","\\wsl.localhost/Ubuntu-22.04/home/yuliia/metabolomics_project/data/raw/neg_mode/neg_Ex1_L_142_Null_45_2-E__8_01_25427.mzML","sample"
"neg_Ex1_L_142_Wounding_37_2-D__7_01_25416.mzML","\\wsl.localhost/Ubuntu-22.04/home/yuliia/metabolomics_project/data/raw/neg_mode/neg_Ex1_L_142_Wounding_37_2-D__7_01_25416.mzML","sample"
"neg_Ex1_L_142_Wounding_38_2-B__5_01_25394.mzML","\\wsl.localhost/Ubuntu-22.04/home/yuliia/metabolomics_project/data/raw/neg_mode/neg_Ex1_L_142_Wounding_38_2-B__5_01_25394.mzML","sample"
"neg_Ex1_L_142_Wounding_39_2-E__7_01_25426.mzML","\\wsl.localhost/Ubuntu-22.04/home/yuliia/metabolomics_project/data/raw/neg_mode/neg_Ex1_L_142_Wounding_39_2-E__7_01_25426.mzML","sample"
"neg_Ex1_L_142_Wounding_61_2-C__5_01_25404.mzML","\\wsl.localhost/Ubuntu-22.04/home/yuliia/metabolomics_project/data/raw/neg_mode/neg_Ex1_L_142_Wounding_61_2-C__5_01_25404.mzML","sample"
"neg_Ex1_L_143_Null_55_2-A__4_01_25383.mzML","\\wsl.localhost/Ubuntu-22.04/home/yuliia/metabolomics_project/data/raw/neg_mode/neg_Ex1_L_143_Null_55_2-A__4_01_25383.mzML","sample"
"neg_Ex1_L_143_Null_56_2-C__8_01_25407.mzML","\\wsl.localhost/Ubuntu-22.04/home/yuliia/metabolomics_project/data/raw/neg_mode/neg_Ex1_L_143_Null_56_2-C__8_01_25407.mzML","sample"
"neg_Ex1_L_143_Null_57_2-F__1_01_25430.mzML","\\wsl.localhost/Ubuntu-22.04/home/yuliia/metabolomics_project/data/raw/neg_mode/neg_Ex1_L_143_Null_57_2-F__1_01_25430.mzML","sample"
"neg_Ex1_L_143_Wounding_49_2-A__7_01_25386.mzML","\\wsl.localhost/Ubuntu-22.04/home/yuliia/metabolomics_project/data/raw/neg_mode/neg_Ex1_L_143_Wounding_49_2-A__7_01_25386.mzML","sample"
"neg_Ex1_L_143_Wounding_50_2-B__3_01_25392.mzML","\\wsl.localhost/Ubuntu-22.04/home/yuliia/metabolomics_project/data/raw/neg_mode/neg_Ex1_L_143_Wounding_50_2-B__3_01_25392.mzML","sample"
"neg_Ex1_L_143_Wounding_51-MSMS_2-D__5_01_25435.mzML","\\wsl.localhost/Ubuntu-22.04/home/yuliia/metabolomics_project/data/raw/neg_mode/neg_Ex1_L_143_Wounding_51-MSMS_2-D__5_01_25435.mzML","sample"
"neg_Ex1_L_143_Wounding_51_2-D__5_01_25414.mzML","\\wsl.localhost/Ubuntu-22.04/home/yuliia/metabolomics_project/data/raw/neg_mode/neg_Ex1_L_143_Wounding_51_2-D__5_01_25414.mzML","sample"
"neg_Ex1_L_149_Null_67_2-B__2_01_25391.mzML","\\wsl.localhost/Ubuntu-22.04/home/yuliia/metabolomics_project/data/raw/neg_mode/neg_Ex1_L_149_Null_67_2-B__2_01_25391.mzML","sample"
"neg_Ex1_L_149_Null_68_2-D__4_01_25413.mzML","\\wsl.localhost/Ubuntu-22.04/home/yuliia/metabolomics_project/data/raw/neg_mode/neg_Ex1_L_149_Null_68_2-D__4_01_25413.mzML","sample"
"neg_Ex1_L_149_Null_69-MSMS_2-E__6_01_25434.mzML","\\wsl.localhost/Ubuntu-22.04/home/yuliia/metabolomics_project/data/raw/neg_mode/neg_Ex1_L_149_Null_69-MSMS_2-E__6_01_25434.mzML","sample"
"neg_Ex1_L_149_Null_69_2-E__6_01_25425.mzML","\\wsl.localhost/Ubuntu-22.04/home/yuliia/metabolomics_project/data/raw/neg_mode/neg_Ex1_L_149_Null_69_2-E__6_01_25425.mzML","sample"
"neg_Ex1_L_149_Wounding_62_2-E__1_01_25420.mzML","\\wsl.localhost/Ubuntu-22.04/home/yuliia/metabolomics_project/data/raw/neg_mode/neg_Ex1_L_149_Wounding_62_2-E__1_01_25420.mzML","sample"
"neg_Ex1_L_149_Wounding_63_2-F__2_01_25431.mzML","\\wsl.localhost/Ubuntu-22.04/home/yuliia/metabolomics_project/data/raw/neg_mode/neg_Ex1_L_149_Wounding_63_2-F__2_01_25431.mzML","sample"
"neg_Ex1_L_155_Null_79_2-B__6_01_25395.mzML","\\wsl.localhost/Ubuntu-22.04/home/yuliia/metabolomics_project/data/raw/neg_mode/neg_Ex1_L_155_Null_79_2-B__6_01_25395.mzML","sample"
"neg_Ex1_L_155_Null_80_2-E__4_01_25423.mzML","\\wsl.localhost/Ubuntu-22.04/home/yuliia/metabolomics_project/data/raw/neg_mode/neg_Ex1_L_155_Null_80_2-E__4_01_25423.mzML","sample"
"neg_Ex1_L_155_Null_81_2-A__2_01_25381.mzML","\\wsl.localhost/Ubuntu-22.04/home/yuliia/metabolomics_project/data/raw/neg_mode/neg_Ex1_L_155_Null_81_2-A__2_01_25381.mzML","sample"
"neg_Ex1_L_155_Wounding_73_2-A__5_01_25384.mzML","\\wsl.localhost/Ubuntu-22.04/home/yuliia/metabolomics_project/data/raw/neg_mode/neg_Ex1_L_155_Wounding_73_2-A__5_01_25384.mzML","sample"
"neg_Ex1_L_155_Wounding_74_2-C__1_01_25400.mzML","\\wsl.localhost/Ubuntu-22.04/home/yuliia/metabolomics_project/data/raw/neg_mode/neg_Ex1_L_155_Wounding_74_2-C__1_01_25400.mzML","sample"
"neg_Ex1_L_155_Wounding_75_2-D__1_01_25410.mzML","\\wsl.localhost/Ubuntu-22.04/home/yuliia/metabolomics_project/data/raw/neg_mode/neg_Ex1_L_155_Wounding_75_2-D__1_01_25410.mzML","sample"
"neg_Ex1_L_EV_Null_19_2-C__2_01_25401.mzML","\\wsl.localhost/Ubuntu-22.04/home/yuliia/metabolomics_project/data/raw/neg_mode/neg_Ex1_L_EV_Null_19_2-C__2_01_25401.mzML","sample"
"neg_Ex1_L_EV_Null_20_2-D__6_01_25415.mzML","\\wsl.localhost/Ubuntu-22.04/home/yuliia/metabolomics_project/data/raw/neg_mode/neg_Ex1_L_EV_Null_20_2-D__6_01_25415.mzML","sample"
"neg_Ex1_L_EV_Null_21_2-B__4_01_25393.mzML","\\wsl.localhost/Ubuntu-22.04/home/yuliia/metabolomics_project/data/raw/neg_mode/neg_Ex1_L_EV_Null_21_2-B__4_01_25393.mzML","sample"
"neg_Ex1_L_EV_Wounding_13_2-A__3_01_25382.mzML","\\wsl.localhost/Ubuntu-22.04/home/yuliia/metabolomics_project/data/raw/neg_mode/neg_Ex1_L_EV_Wounding_13_2-A__3_01_25382.mzML","sample"
"neg_Ex1_L_EV_Wounding_14_2-D__3_01_25412.mzML","\\wsl.localhost/Ubuntu-22.04/home/yuliia/metabolomics_project/data/raw/neg_mode/neg_Ex1_L_EV_Wounding_14_2-D__3_01_25412.mzML","sample"
"neg_Ex1_L_EV_Wounding_15_2-C__3_01_25402.mzML","\\wsl.localhost/Ubuntu-22.04/home/yuliia/metabolomics_project/data/raw/neg_mode/neg_Ex1_L_EV_Wounding_15_2-C__3_01_25402.mzML","sample"
"neg_Ex1_L_UE_Null_7-MSMS_2-D__2_01_25432.mzML","\\wsl.localhost/Ubuntu-22.04/home/yuliia/metabolomics_project/data/raw/neg_mode/neg_Ex1_L_UE_Null_7-MSMS_2-D__2_01_25432.mzML","sample"
"neg_Ex1_L_UE_Null_7_2-D__2_01_25411.mzML","\\wsl.localhost/Ubuntu-22.04/home/yuliia/metabolomics_project/data/raw/neg_mode/neg_Ex1_L_UE_Null_7_2-D__2_01_25411.mzML","sample"
"neg_Ex1_L_UE_Null_8_2-D__8_01_25417.mzML","\\wsl.localhost/Ubuntu-22.04/home/yuliia/metabolomics_project/data/raw/neg_mode/neg_Ex1_L_UE_Null_8_2-D__8_01_25417.mzML","sample"
"neg_Ex1_L_UE_Null_9_2-A__6_01_25385.mzML","\\wsl.localhost/Ubuntu-22.04/home/yuliia/metabolomics_project/data/raw/neg_mode/neg_Ex1_L_UE_Null_9_2-A__6_01_25385.mzML","sample"
"neg_Ex1_L_UE_Wounding_1_2-B__1_01_25390.mzML","\\wsl.localhost/Ubuntu-22.04/home/yuliia/metabolomics_project/data/raw/neg_mode/neg_Ex1_L_UE_Wounding_1_2-B__1_01_25390.mzML","sample"
"neg_Ex1_L_UE_Wounding_2_2-C__7_01_25406.mzML","\\wsl.localhost/Ubuntu-22.04/home/yuliia/metabolomics_project/data/raw/neg_mode/neg_Ex1_L_UE_Wounding_2_2-C__7_01_25406.mzML","sample"
"neg_Ex1_L_UE_Wounding_3-MSMS_2-B__7_01_25433.mzML","\\wsl.localhost/Ubuntu-22.04/home/yuliia/metabolomics_project/data/raw/neg_mode/neg_Ex1_L_UE_Wounding_3-MSMS_2-B__7_01_25433.mzML","sample"
"neg_Ex1_L_UE_Wounding_3_2-B__7_01_25396.mzML","\\wsl.localhost/Ubuntu-22.04/home/yuliia/metabolomics_project/data/raw/neg_mode/neg_Ex1_L_UE_Wounding_3_2-B__7_01_25396.mzML","sample"
"neg_Ex2_L_132_Null_31_1-C__4_01_25031.mzML","\\wsl.localhost/Ubuntu-22.04/home/yuliia/metabolomics_project/data/raw/neg_mode/neg_Ex2_L_132_Null_31_1-C__4_01_25031.mzML","sample"
"neg_Ex2_L_132_Null_32_1-D__2_01_25039.mzML","\\wsl.localhost/Ubuntu-22.04/home/yuliia/metabolomics_project/data/raw/neg_mode/neg_Ex2_L_132_Null_32_1-D__2_01_25039.mzML","sample"
"neg_Ex2_L_132_Null_33_1-D__4_01_25041.mzML","\\wsl.localhost/Ubuntu-22.04/home/yuliia/metabolomics_project/data/raw/neg_mode/neg_Ex2_L_132_Null_33_1-D__4_01_25041.mzML","sample"
"neg_Ex2_L_132_Null_34_1-F__6_01_25063.mzML","\\wsl.localhost/Ubuntu-22.04/home/yuliia/metabolomics_project/data/raw/neg_mode/neg_Ex2_L_132_Null_34_1-F__6_01_25063.mzML","sample"
"neg_Ex2_L_132_Wounding_25_1-B__6_01_25023.mzML","\\wsl.localhost/Ubuntu-22.04/home/yuliia/metabolomics_project/data/raw/neg_mode/neg_Ex2_L_132_Wounding_25_1-B__6_01_25023.mzML","sample"
"neg_Ex2_L_132_Wounding_26_1-F__5_01_25062.mzML","\\wsl.localhost/Ubuntu-22.04/home/yuliia/metabolomics_project/data/raw/neg_mode/neg_Ex2_L_132_Wounding_26_1-F__5_01_25062.mzML","sample"
"neg_Ex2_L_132_Wounding_27_1-A__6_01_25013.mzML","\\wsl.localhost/Ubuntu-22.04/home/yuliia/metabolomics_project/data/raw/neg_mode/neg_Ex2_L_132_Wounding_27_1-A__6_01_25013.mzML","sample"
"neg_Ex2_L_132_Wounding_27_MSMS_1-A__6_01_25070.mzML","\\wsl.localhost/Ubuntu-22.04/home/yuliia/metabolomics_project/data/raw/neg_mode/neg_Ex2_L_132_Wounding_27_MSMS_1-A__6_01_25070.mzML","sample"
"neg_Ex2_L_142_Null_43_1-C__6_01_25033.mzML","\\wsl.localhost/Ubuntu-22.04/home/yuliia/metabolomics_project/data/raw/neg_mode/neg_Ex2_L_142_Null_43_1-C__6_01_25033.mzML","sample"
"neg_Ex2_L_142_Null_44_1-F__2_01_25059.mzML","\\wsl.localhost/Ubuntu-22.04/home/yuliia/metabolomics_project/data/raw/neg_mode/neg_Ex2_L_142_Null_44_1-F__2_01_25059.mzML","sample"
"neg_Ex2_L_142_Null_45_1-E__6_01_25053.mzML","\\wsl.localhost/Ubuntu-22.04/home/yuliia/metabolomics_project/data/raw/neg_mode/neg_Ex2_L_142_Null_45_1-E__6_01_25053.mzML","sample"
"neg_Ex2_L_142_Null_46_1-D__7_01_25044.mzML","\\wsl.localhost/Ubuntu-22.04/home/yuliia/metabolomics_project/data/raw/neg_mode/neg_Ex2_L_142_Null_46_1-D__7_01_25044.mzML","sample"
"neg_Ex2_L_142_Wounding_37_1-C__8_01_25035.mzML","\\wsl.localhost/Ubuntu-22.04/home/yuliia/metabolomics_project/data/raw/neg_mode/neg_Ex2_L_142_Wounding_37_1-C__8_01_25035.mzML","sample"
"neg_Ex2_L_142_Wounding_38_1-B__8_01_25025.mzML","\\wsl.localhost/Ubuntu-22.04/home/yuliia/metabolomics_project/data/raw/neg_mode/neg_Ex2_L_142_Wounding_38_1-B__8_01_25025.mzML","sample"
"neg_Ex2_L_142_Wounding_39_1-B__1_01_25018.mzML","\\wsl.localhost/Ubuntu-22.04/home/yuliia/metabolomics_project/data/raw/neg_mode/neg_Ex2_L_142_Wounding_39_1-B__1_01_25018.mzML","sample"
"neg_Ex2_L_143_Null_55_1-A__2_01_25009.mzML","\\wsl.localhost/Ubuntu-22.04/home/yuliia/metabolomics_project/data/raw/neg_mode/neg_Ex2_L_143_Null_55_1-A__2_01_25009.mzML","sample"
"neg_Ex2_L_143_Null_56_1-E__1_01_25048.mzML","\\wsl.localhost/Ubuntu-22.04/home/yuliia/metabolomics_project/data/raw/neg_mode/neg_Ex2_L_143_Null_56_1-E__1_01_25048.mzML","sample"
"neg_Ex2_L_143_Null_57_1-A__7_01_25014.mzML","\\wsl.localhost/Ubuntu-22.04/home/yuliia/metabolomics_project/data/raw/neg_mode/neg_Ex2_L_143_Null_57_1-A__7_01_25014.mzML","sample"
"neg_Ex2_L_143_Null_58_1-C__1_01_25028.mzML","\\wsl.localhost/Ubuntu-22.04/home/yuliia/metabolomics_project/data/raw/neg_mode/neg_Ex2_L_143_Null_58_1-C__1_01_25028.mzML","sample"
"neg_Ex2_L_143_Wounding_49_1-F__4_01_25061.mzML","\\wsl.localhost/Ubuntu-22.04/home/yuliia/metabolomics_project/data/raw/neg_mode/neg_Ex2_L_143_Wounding_49_1-F__4_01_25061.mzML","sample"
"neg_Ex2_L_143_Wounding_50_1-D__3_01_25040.mzML","\\wsl.localhost/Ubuntu-22.04/home/yuliia/metabolomics_project/data/raw/neg_mode/neg_Ex2_L_143_Wounding_50_1-D__3_01_25040.mzML","sample"
"neg_Ex2_L_143_Wounding_51_1-F__1_01_25058.mzML","\\wsl.localhost/Ubuntu-22.04/home/yuliia/metabolomics_project/data/raw/neg_mode/neg_Ex2_L_143_Wounding_51_1-F__1_01_25058.mzML","sample"
"neg_Ex2_L_149_Null_67_1-A__4_01_25011.mzML","\\wsl.localhost/Ubuntu-22.04/home/yuliia/metabolomics_project/data/raw/neg_mode/neg_Ex2_L_149_Null_67_1-A__4_01_25011.mzML","sample"
"neg_Ex2_L_149_Null_68_1-C__3_01_25030.mzML","\\wsl.localhost/Ubuntu-22.04/home/yuliia/metabolomics_project/data/raw/neg_mode/neg_Ex2_L_149_Null_68_1-C__3_01_25030.mzML","sample"
"neg_Ex2_L_149_Null_68_MSMS_1-C__3_01_25071.mzML","\\wsl.localhost/Ubuntu-22.04/home/yuliia/metabolomics_project/data/raw/neg_mode/neg_Ex2_L_149_Null_68_MSMS_1-C__3_01_25071.mzML","sample"
"neg_Ex2_L_149_Null_69_1-D__1_01_25038.mzML","\\wsl.localhost/Ubuntu-22.04/home/yuliia/metabolomics_project/data/raw/neg_mode/neg_Ex2_L_149_Null_69_1-D__1_01_25038.mzML","sample"
"neg_Ex2_L_149_Null_70_2-A__1_01_25066.mzML","\\wsl.localhost/Ubuntu-22.04/home/yuliia/metabolomics_project/data/raw/neg_mode/neg_Ex2_L_149_Null_70_2-A__1_01_25066.mzML","sample"
"neg_Ex2_L_149_Wounding_61_1-C__2_01_25029.mzML","\\wsl.localhost/Ubuntu-22.04/home/yuliia/metabolomics_project/data/raw/neg_mode/neg_Ex2_L_149_Wounding_61_1-C__2_01_25029.mzML","sample"
"neg_Ex2_L_149_Wounding_62_1-E__7_01_25054.mzML","\\wsl.localhost/Ubuntu-22.04/home/yuliia/metabolomics_project/data/raw/neg_mode/neg_Ex2_L_149_Wounding_62_1-E__7_01_25054.mzML","sample"
"neg_Ex2_L_149_Wounding_63_1-B__3_01_25020.mzML","\\wsl.localhost/Ubuntu-22.04/home/yuliia/metabolomics_project/data/raw/neg_mode/neg_Ex2_L_149_Wounding_63_1-B__3_01_25020.mzML","sample"
"neg_Ex2_L_155_Null_79_1-E__8_01_25055.mzML","\\wsl.localhost/Ubuntu-22.04/home/yuliia/metabolomics_project/data/raw/neg_mode/neg_Ex2_L_155_Null_79_1-E__8_01_25055.mzML","sample"
"neg_Ex2_L_155_Null_80_1-E__4_01_25051.mzML","\\wsl.localhost/Ubuntu-22.04/home/yuliia/metabolomics_project/data/raw/neg_mode/neg_Ex2_L_155_Null_80_1-E__4_01_25051.mzML","sample"
"neg_Ex2_L_155_Null_81_1-C__7_01_25034.mzML","\\wsl.localhost/Ubuntu-22.04/home/yuliia/metabolomics_project/data/raw/neg_mode/neg_Ex2_L_155_Null_81_1-C__7_01_25034.mzML","sample"
"neg_Ex2_L_155_Null_82_1-B__5_01_25022.mzML","\\wsl.localhost/Ubuntu-22.04/home/yuliia/metabolomics_project/data/raw/neg_mode/neg_Ex2_L_155_Null_82_1-B__5_01_25022.mzML","sample"
"neg_Ex2_L_155_Wounding_73_1-A__3_01_25010.mzML","\\wsl.localhost/Ubuntu-22.04/home/yuliia/metabolomics_project/data/raw/neg_mode/neg_Ex2_L_155_Wounding_73_1-A__3_01_25010.mzML","sample"
"neg_Ex2_L_155_Wounding_74_1-D__8_01_25045.mzML","\\wsl.localhost/Ubuntu-22.04/home/yuliia/metabolomics_project/data/raw/neg_mode/neg_Ex2_L_155_Wounding_74_1-D__8_01_25045.mzML","sample"
"neg_Ex2_L_155_Wounding_75_1-D__6_01_25043.mzML","\\wsl.localhost/Ubuntu-22.04/home/yuliia/metabolomics_project/data/raw/neg_mode/neg_Ex2_L_155_Wounding_75_1-D__6_01_25043.mzML","sample"
"neg_Ex2_L_EV_Null_19_1-A__1_01_25008.mzML","\\wsl.localhost/Ubuntu-22.04/home/yuliia/metabolomics_project/data/raw/neg_mode/neg_Ex2_L_EV_Null_19_1-A__1_01_25008.mzML","sample"
"neg_Ex2_L_EV_Null_20_1-D__5_01_25042.mzML","\\wsl.localhost/Ubuntu-22.04/home/yuliia/metabolomics_project/data/raw/neg_mode/neg_Ex2_L_EV_Null_20_1-D__5_01_25042.mzML","sample"
"neg_Ex2_L_EV_Null_21_1-A__5_01_25012.mzML","\\wsl.localhost/Ubuntu-22.04/home/yuliia/metabolomics_project/data/raw/neg_mode/neg_Ex2_L_EV_Null_21_1-A__5_01_25012.mzML","sample"
"neg_Ex2_L_EV_Null_22_1-F__3_01_25060.mzML","\\wsl.localhost/Ubuntu-22.04/home/yuliia/metabolomics_project/data/raw/neg_mode/neg_Ex2_L_EV_Null_22_1-F__3_01_25060.mzML","sample"
"neg_Ex2_L_EV_Wounding_13_1-C__5_01_25032.mzML","\\wsl.localhost/Ubuntu-22.04/home/yuliia/metabolomics_project/data/raw/neg_mode/neg_Ex2_L_EV_Wounding_13_1-C__5_01_25032.mzML","sample"
"neg_Ex2_L_EV_Wounding_14_1-B__7_01_25024.mzML","\\wsl.localhost/Ubuntu-22.04/home/yuliia/metabolomics_project/data/raw/neg_mode/neg_Ex2_L_EV_Wounding_14_1-B__7_01_25024.mzML","sample"
"neg_Ex2_L_EV_Wounding_15_2-A__3_01_25068.mzML","\\wsl.localhost/Ubuntu-22.04/home/yuliia/metabolomics_project/data/raw/neg_mode/neg_Ex2_L_EV_Wounding_15_2-A__3_01_25068.mzML","sample"
"neg_Ex2_L_UE_Null_10_1-A__8_01_25015.mzML","\\wsl.localhost/Ubuntu-22.04/home/yuliia/metabolomics_project/data/raw/neg_mode/neg_Ex2_L_UE_Null_10_1-A__8_01_25015.mzML","sample"
"neg_Ex2_L_UE_Null_11_1-B__2_01_25019.mzML","\\wsl.localhost/Ubuntu-22.04/home/yuliia/metabolomics_project/data/raw/neg_mode/neg_Ex2_L_UE_Null_11_1-B__2_01_25019.mzML","sample"
"neg_Ex2_L_UE_Null_7_1-B__4_01_25021.mzML","\\wsl.localhost/Ubuntu-22.04/home/yuliia/metabolomics_project/data/raw/neg_mode/neg_Ex2_L_UE_Null_7_1-B__4_01_25021.mzML","sample"
"neg_Ex2_L_UE_Null_8_1-E__2_01_25049.mzML","\\wsl.localhost/Ubuntu-22.04/home/yuliia/metabolomics_project/data/raw/neg_mode/neg_Ex2_L_UE_Null_8_1-E__2_01_25049.mzML","sample"
"neg_Ex2_L_UE_Null_8_MSMS_1-E__2_01_25072.mzML","\\wsl.localhost/Ubuntu-22.04/home/yuliia/metabolomics_project/data/raw/neg_mode/neg_Ex2_L_UE_Null_8_MSMS_1-E__2_01_25072.mzML","sample"
"neg_Ex2_L_UE_Null_9_2-A__4_01_25069.mzML","\\wsl.localhost/Ubuntu-22.04/home/yuliia/metabolomics_project/data/raw/neg_mode/neg_Ex2_L_UE_Null_9_2-A__4_01_25069.mzML","sample"
"neg_Ex2_L_UE_Wounding_1_1-E__3_01_25050.mzML","\\wsl.localhost/Ubuntu-22.04/home/yuliia/metabolomics_project/data/raw/neg_mode/neg_Ex2_L_UE_Wounding_1_1-E__3_01_25050.mzML","sample"
"neg_Ex2_L_UE_Wounding_1_MSMS_1-E__3_01_25073.mzML","\\wsl.localhost/Ubuntu-22.04/home/yuliia/metabolomics_project/data/raw/neg_mode/neg_Ex2_L_UE_Wounding_1_MSMS_1-E__3_01_25073.mzML","sample"
"neg_Ex2_L_UE_Wounding_4_1-E__5_01_25052.mzML","\\wsl.localhost/Ubuntu-22.04/home/yuliia/metabolomics_project/data/raw/neg_mode/neg_Ex2_L_UE_Wounding_4_1-E__5_01_25052.mzML","sample"
"neg_Ex3_L_132_Null_31_2-B__7_01_25088.mzML","\\wsl.localhost/Ubuntu-22.04/home/yuliia/metabolomics_project/data/raw/neg_mode/neg_Ex3_L_132_Null_31_2-B__7_01_25088.mzML","sample"
"neg_Ex3_L_132_Null_34_2-A__8_01_25079.mzML","\\wsl.localhost/Ubuntu-22.04/home/yuliia/metabolomics_project/data/raw/neg_mode/neg_Ex3_L_132_Null_34_2-A__8_01_25079.mzML","sample"
"neg_Ex3_L_132_Wounding_25_2-A__7_01_25078.mzML","\\wsl.localhost/Ubuntu-22.04/home/yuliia/metabolomics_project/data/raw/neg_mode/neg_Ex3_L_132_Wounding_25_2-A__7_01_25078.mzML","sample"
"neg_Ex3_L_142_Null_47_2-B__1_01_25082.mzML","\\wsl.localhost/Ubuntu-22.04/home/yuliia/metabolomics_project/data/raw/neg_mode/neg_Ex3_L_142_Null_47_2-B__1_01_25082.mzML","sample"
"neg_Ex3_L_142_Wounding_38_2-B__8_01_25089.mzML","\\wsl.localhost/Ubuntu-22.04/home/yuliia/metabolomics_project/data/raw/neg_mode/neg_Ex3_L_142_Wounding_38_2-B__8_01_25089.mzML","sample"
"neg_Ex3_L_143_Null_55-MSMS_1-B__8_01_25173.mzML","\\wsl.localhost/Ubuntu-22.04/home/yuliia/metabolomics_project/data/raw/neg_mode/neg_Ex3_L_143_Null_55-MSMS_1-B__8_01_25173.mzML","sample"
"neg_Ex3_L_143_Wounding_49_2-C__1_01_25092.mzML","\\wsl.localhost/Ubuntu-22.04/home/yuliia/metabolomics_project/data/raw/neg_mode/neg_Ex3_L_143_Wounding_49_2-C__1_01_25092.mzML","sample"
"neg_Ex3_L_149_Null_70_2-B__3_01_25084.mzML","\\wsl.localhost/Ubuntu-22.04/home/yuliia/metabolomics_project/data/raw/neg_mode/neg_Ex3_L_149_Null_70_2-B__3_01_25084.mzML","sample"
"neg_Ex3_L_149_Wounding_57_2-C__2_01_25093.mzML","\\wsl.localhost/Ubuntu-22.04/home/yuliia/metabolomics_project/data/raw/neg_mode/neg_Ex3_L_149_Wounding_57_2-C__2_01_25093.mzML","sample"
"neg_Ex3_L_149_Wounding_61-MSMS_1-C__1_01_25172.mzML","\\wsl.localhost/Ubuntu-22.04/home/yuliia/metabolomics_project/data/raw/neg_mode/neg_Ex3_L_149_Wounding_61-MSMS_1-C__1_01_25172.mzML","sample"
"neg_Ex3_L_149_Wounding_62_2-B__2_01_25083.mzML","\\wsl.localhost/Ubuntu-22.04/home/yuliia/metabolomics_project/data/raw/neg_mode/neg_Ex3_L_149_Wounding_62_2-B__2_01_25083.mzML","sample"
"neg_Ex3_L_149_Wounding_63_2-C__3_01_25094.mzML","\\wsl.localhost/Ubuntu-22.04/home/yuliia/metabolomics_project/data/raw/neg_mode/neg_Ex3_L_149_Wounding_63_2-C__3_01_25094.mzML","sample"
"neg_Ex3_L_155_Null_81_2-C__4_01_25095.mzML","\\wsl.localhost/Ubuntu-22.04/home/yuliia/metabolomics_project/data/raw/neg_mode/neg_Ex3_L_155_Null_81_2-C__4_01_25095.mzML","sample"
"neg_Ex3_L_EV_Null_19_2-B__6_01_25087.mzML","\\wsl.localhost/Ubuntu-22.04/home/yuliia/metabolomics_project/data/raw/neg_mode/neg_Ex3_L_EV_Null_19_2-B__6_01_25087.mzML","sample"
"neg_Ex3_L_UE_Null_10_2-B__5_01_25086.mzML","\\wsl.localhost/Ubuntu-22.04/home/yuliia/metabolomics_project/data/raw/neg_mode/neg_Ex3_L_UE_Null_10_2-B__5_01_25086.mzML","sample"
"neg_Ex3_L_UE_Null_11-MSMS_1-D__3_01_25171.mzML","\\wsl.localhost/Ubuntu-22.04/home/yuliia/metabolomics_project/data/raw/neg_mode/neg_Ex3_L_UE_Null_11-MSMS_1-D__3_01_25171.mzML","sample"
"neg_Ex3_L_UE_Null_7_2-A__6_01_25077.mzML","\\wsl.localhost/Ubuntu-22.04/home/yuliia/metabolomics_project/data/raw/neg_mode/neg_Ex3_L_UE_Null_7_2-A__6_01_25077.mzML","sample"
"neg_Ex3_L_UE_Wouding_3-MSMS_1-C__2_01_25170.mzML","\\wsl.localhost/Ubuntu-22.04/home/yuliia/metabolomics_project/data/raw/neg_mode/neg_Ex3_L_UE_Wouding_3-MSMS_1-C__2_01_25170.mzML","sample"
"neg_Ex3_L_UE_Wounding_2_2-A__5_01_25076.mzML","\\wsl.localhost/Ubuntu-22.04/home/yuliia/metabolomics_project/data/raw/neg_mode/neg_Ex3_L_UE_Wounding_2_2-A__5_01_25076.mzML","sample"
"neg_MM8_1-F__8_01_24992.mzML","\\wsl.localhost/Ubuntu-22.04/home/yuliia/metabolomics_project/data/raw/neg_mode/neg_MM8_1-F__8_01_24992.mzML","sample"
"neg_MM8_1-F__8_01_25003.mzML","\\wsl.localhost/Ubuntu-22.04/home/yuliia/metabolomics_project/data/raw/neg_mode/neg_MM8_1-F__8_01_25003.mzML","sample"
"neg_MM8_1-F__8_01_25017.mzML","\\wsl.localhost/Ubuntu-22.04/home/yuliia/metabolomics_project/data/raw/neg_mode/neg_MM8_1-F__8_01_25017.mzML","sample"
"neg_MM8_1-F__8_01_25027.mzML","\\wsl.localhost/Ubuntu-22.04/home/yuliia/metabolomics_project/data/raw/neg_mode/neg_MM8_1-F__8_01_25027.mzML","sample"
"neg_MM8_1-F__8_01_25037.mzML","\\wsl.localhost/Ubuntu-22.04/home/yuliia/metabolomics_project/data/raw/neg_mode/neg_MM8_1-F__8_01_25037.mzML","sample"
"neg_MM8_1-F__8_01_25047.mzML","\\wsl.localhost/Ubuntu-22.04/home/yuliia/metabolomics_project/data/raw/neg_mode/neg_MM8_1-F__8_01_25047.mzML","sample"
"neg_MM8_1-F__8_01_25057.mzML","\\wsl.localhost/Ubuntu-22.04/home/yuliia/metabolomics_project/data/raw/neg_mode/neg_MM8_1-F__8_01_25057.mzML","sample"
"neg_MM8_1-F__8_01_25065.mzML","\\wsl.localhost/Ubuntu-22.04/home/yuliia/metabolomics_project/data/raw/neg_mode/neg_MM8_1-F__8_01_25065.mzML","sample"
"neg_MM8_1-F__8_01_25075.mzML","\\wsl.localhost/Ubuntu-22.04/home/yuliia/metabolomics_project/data/raw/neg_mode/neg_MM8_1-F__8_01_25075.mzML","sample"
"neg_MM8_1-F__8_01_25081.mzML","\\wsl.localhost/Ubuntu-22.04/home/yuliia/metabolomics_project/data/raw/neg_mode/neg_MM8_1-F__8_01_25081.mzML","sample"
"neg_MM8_1-F__8_01_25091.mzML","\\wsl.localhost/Ubuntu-22.04/home/yuliia/metabolomics_project/data/raw/neg_mode/neg_MM8_1-F__8_01_25091.mzML","sample"
"neg_MM8_1-F__8_01_25101.mzML","\\wsl.localhost/Ubuntu-22.04/home/yuliia/metabolomics_project/data/raw/neg_mode/neg_MM8_1-F__8_01_25101.mzML","sample"
"neg_MM8_1-F__8_01_25111.mzML","\\wsl.localhost/Ubuntu-22.04/home/yuliia/metabolomics_project/data/raw/neg_mode/neg_MM8_1-F__8_01_25111.mzML","sample"
"neg_MM8_1-F__8_01_25121.mzML","\\wsl.localhost/Ubuntu-22.04/home/yuliia/metabolomics_project/data/raw/neg_mode/neg_MM8_1-F__8_01_25121.mzML","sample"
"neg_MM8_1-F__8_01_25131.mzML","\\wsl.localhost/Ubuntu-22.04/home/yuliia/metabolomics_project/data/raw/neg_mode/neg_MM8_1-F__8_01_25131.mzML","sample"
"neg_MM8_1-F__8_01_25139.mzML","\\wsl.localhost/Ubuntu-22.04/home/yuliia/metabolomics_project/data/raw/neg_mode/neg_MM8_1-F__8_01_25139.mzML","sample"
"neg_MM8_1-F__8_01_25145.mzML","\\wsl.localhost/Ubuntu-22.04/home/yuliia/metabolomics_project/data/raw/neg_mode/neg_MM8_1-F__8_01_25145.mzML","sample"
"neg_MM8_1-F__8_01_25155.mzML","\\wsl.localhost/Ubuntu-22.04/home/yuliia/metabolomics_project/data/raw/neg_mode/neg_MM8_1-F__8_01_25155.mzML","sample"
"neg_MM8_1-F__8_01_25164.mzML","\\wsl.localhost/Ubuntu-22.04/home/yuliia/metabolomics_project/data/raw/neg_mode/neg_MM8_1-F__8_01_25164.mzML","sample"
"neg_MM8_1-F__8_01_25175.mzML","\\wsl.localhost/Ubuntu-22.04/home/yuliia/metabolomics_project/data/raw/neg_mode/neg_MM8_1-F__8_01_25175.mzML","sample"
"neg_MM8_1-F__8_01_25358.mzML","\\wsl.localhost/Ubuntu-22.04/home/yuliia/metabolomics_project/data/raw/neg_mode/neg_MM8_1-F__8_01_25358.mzML","sample"
"neg_MM8_1-F__8_01_25378.mzML","\\wsl.localhost/Ubuntu-22.04/home/yuliia/metabolomics_project/data/raw/neg_mode/neg_MM8_1-F__8_01_25378.mzML","sample"
"neg_MM8_1-F__8_01_25389.mzML","\\wsl.localhost/Ubuntu-22.04/home/yuliia/metabolomics_project/data/raw/neg_mode/neg_MM8_1-F__8_01_25389.mzML","sample"
"neg_MM8_1-F__8_01_25399.mzML","\\wsl.localhost/Ubuntu-22.04/home/yuliia/metabolomics_project/data/raw/neg_mode/neg_MM8_1-F__8_01_25399.mzML","sample"
"neg_MM8_1-F__8_01_25409.mzML","\\wsl.localhost/Ubuntu-22.04/home/yuliia/metabolomics_project/data/raw/neg_mode/neg_MM8_1-F__8_01_25409.mzML","sample"
"neg_MM8_1-F__8_01_25419.mzML","\\wsl.localhost/Ubuntu-22.04/home/yuliia/metabolomics_project/data/raw/neg_mode/neg_MM8_1-F__8_01_25419.mzML","sample"
"neg_MM8_1-F__8_01_25429.mzML","\\wsl.localhost/Ubuntu-22.04/home/yuliia/metabolomics_project/data/raw/neg_mode/neg_MM8_1-F__8_01_25429.mzML","sample"
"neg_MM8_1-F__8_01_25437.mzML","\\wsl.localhost/Ubuntu-22.04/home/yuliia/metabolomics_project/data/raw/neg_mode/neg_MM8_1-F__8_01_25437.mzML","sample"
